[{"id":"100","firstName":"Hugh","lastName":"Jast","email":"Hugh.Jast@example.com","phone":"730-715-4446","birthDate":"1970-11-28","title":"National Data Strategist","dept":"Mobility"},
{"id":"101","firstName":"Toy","lastName":"Herzog","email":"Toy.Herzog@example.com","phone":"769-569-1789","birthDate":"1961-08-08","title":"Dynamic Operations Manager","dept":"Paradigm"},
{"id":"102","firstName":"Reed","lastName":"Hahn","email":"Reed.Hahn@example.com","phone":"429-071-2018","birthDate":"1977-02-05","title":"Future Directives Facilitator","dept":"Quality"},
{"id":"103","firstName":"Novella","lastName":"Bahringer","email":"Novella.Bahringer@example.com","phone":"293-596-35","birthDate":"1980-11-20","title":"Principal Factors Architect","dept":"Division"},
{"id":"104","firstName":"Zora","lastName":"Sawayn","email":"Zora.Sawayn@example.com","phone":"923-814-0502","birthDate":"1978-03-18","title":"Dynamic Marketing Designer","dept":"Security"},
{"id":"105","firstName":"Cordia","lastName":"Willms","email":"Cordia.Willms@example.com","phone":"778-821-3941","birthDate":"1989-03-31","title":"Human Division Representative","dept":"Optimization"},
{"id":"106","firstName":"Clair","lastName":"Bartoletti","email":"Clair.Bartoletti@example.com","phone":"647-896-8993","birthDate":"1971-08-22","title":"Customer Marketing Executive","dept":"Factors"},
{"id":"107","firstName":"Joe","lastName":"Beahan","email":"Joe.Beahan@example.com","phone":"548-890-6181","birthDate":"1990-07-11","title":"District Group Specialist","dept":"Program"},
{"id":"108","firstName":"Daphney","lastName":"Feest","email":"Daphney.Feest@example.com","phone":"143-967-7041","birthDate":"1984-03-26","title":"Dynamic Mobility Consultant","dept":"Metrics"},
{"id":"109","firstName":"Janessa","lastName":"Wyman","email":"Janessa.Wyman@example.com","phone":"498-186-9009","birthDate":"1985-09-06","title":"Investor Brand Associate","dept":"Markets"}]